2020-04-24,1
2020-04-25,1
2020-04-26,2
2020-04-27,2
2020-04-28,2
2020-04-29,3
2020-04-30,5
2020-05-01,6
2020-05-02,10
2020-05-03,10
2020-05-04,11
2020-05-05,12
2020-05-06,13
2020-05-07,16
2020-05-08,21
2020-05-09,21
2020-05-10,21
2020-05-11,22
2020-05-12,22
2020-05-13,22
2020-05-14,22
2020-05-15,22
2020-05-16,22
2020-05-17,22
2020-05-18,22
2020-05-19,22
2020-05-20,22
2020-05-21,22
2020-05-22,24
2020-05-23,24
2020-05-24,24
2020-05-25,24
2020-05-26,24
2020-05-27,26
2020-05-28,26
2020-05-29,29
2020-05-30,29
2020-05-31,29
2020-06-01,31
2020-06-02,31
2020-06-03,31
2020-06-04,31
2020-06-05,30
2020-06-06,30
2020-06-07,30
2020-06-08,30
2020-06-09,30
2020-06-10,30
2020-06-11,30
2020-06-12,30
2020-06-13,30
2020-06-14,30
2020-06-15,30
2020-06-16,30
2020-06-17,30
