2020-04-23,1
2020-04-24,1
2020-04-25,1
2020-04-26,1
2020-04-27,1
2020-04-28,1
2020-04-29,1
2020-04-30,1
2020-05-01,1
2020-05-02,1
2020-05-03,1
2020-05-04,1
2020-05-05,3
2020-05-06,3
2020-05-07,3
2020-05-08,3
2020-05-09,3
2020-05-10,3
2020-05-11,3
2020-05-12,3
2020-05-13,3
2020-05-14,3
2020-05-15,3
2020-05-16,3
2020-05-17,4
2020-05-18,4
2020-05-19,4
2020-05-20,4
2020-05-21,4
2020-05-22,6
2020-05-23,6
2020-05-24,6
2020-05-25,6
2020-05-26,6
2020-05-27,6
2020-05-28,7
2020-05-29,7
2020-05-30,7
2020-05-31,7
2020-06-01,7
2020-06-02,7
2020-06-03,7
2020-06-04,7
2020-06-05,7
2020-06-06,7
2020-06-07,7
2020-06-08,8
2020-06-09,7
2020-06-10,8
2020-06-11,8
2020-06-12,9
2020-06-13,9
2020-06-14,9
2020-06-15,9
2020-06-16,9
2020-06-17,9
