2020-03-26,2
2020-03-27,2
2020-03-28,2
2020-03-29,2
2020-03-30,2
2020-03-31,3
2020-04-01,3
2020-04-02,3
2020-04-03,3
2020-04-04,3
2020-04-05,3
2020-04-06,4
2020-04-07,6
2020-04-08,6
2020-04-09,7
2020-04-10,8
2020-04-11,8
2020-04-12,8
2020-04-13,8
2020-04-14,8
2020-04-15,9
2020-04-16,9
2020-04-17,10
2020-04-18,11
2020-04-19,11
2020-04-20,14
2020-04-21,14
2020-04-22,14
2020-04-23,14
2020-04-24,15
2020-04-25,15
2020-04-26,16
2020-04-27,16
2020-04-28,17
2020-04-29,17
2020-04-30,17
2020-05-01,18
2020-05-02,18
2020-05-03,18
2020-05-04,19
2020-05-05,19
2020-05-06,21
2020-05-07,21
2020-05-08,21
2020-05-09,21
2020-05-10,21
2020-05-11,22
2020-05-12,22
2020-05-13,22
2020-05-14,22
2020-05-15,22
2020-05-16,22
2020-05-17,22
2020-05-18,22
2020-05-19,23
2020-05-20,24
2020-05-21,24
2020-05-22,25
2020-05-23,26
2020-05-24,26
2020-05-25,26
2020-05-26,26
2020-05-27,26
2020-05-28,26
2020-05-29,26
2020-05-30,26
2020-05-31,26
2020-06-01,26
2020-06-02,26
2020-06-03,26
2020-06-04,26
2020-06-05,26
2020-06-06,26
2020-06-07,26
2020-06-08,26
2020-06-09,26
2020-06-10,27
2020-06-11,28
2020-06-12,28
2020-06-13,28
2020-06-14,28
2020-06-15,28
2020-06-16,29
2020-06-17,29
