2020-03-21,4
2020-03-22,4
2020-03-23,6
2020-03-24,6
2020-03-25,6
2020-03-26,8
2020-03-27,9
2020-03-28,10
2020-03-29,10
2020-03-30,10
2020-03-31,11
2020-04-01,11
2020-04-02,10
2020-04-03,12
2020-04-04,13
2020-04-05,15
2020-04-06,15
2020-04-07,16
2020-04-08,17
2020-04-09,18
2020-04-10,19
2020-04-11,22
2020-04-12,24
2020-04-13,25
2020-04-14,25
2020-04-15,27
2020-04-16,30
2020-04-17,30
2020-04-18,32
2020-04-19,32
2020-04-20,34
2020-04-21,35
2020-04-22,36
2020-04-23,36
2020-04-24,38
2020-04-25,41
2020-04-26,41
2020-04-27,45
2020-04-28,49
2020-04-29,49
2020-04-30,54
2020-05-01,58
2020-05-02,58
2020-05-03,60
2020-05-04,61
2020-05-05,65
2020-05-06,64
2020-05-07,71
2020-05-08,73
2020-05-09,79
2020-05-10,83
2020-05-11,86
2020-05-12,91
2020-05-13,93
2020-05-14,100
2020-05-15,108
2020-05-16,112
2020-05-17,122
2020-05-18,126
2020-05-19,132
2020-05-20,135
2020-05-21,136
2020-05-22,139
2020-05-23,158
2020-05-24,160
2020-05-25,164
2020-05-26,166
2020-05-27,182
2020-05-28,189
2020-05-29,200
2020-05-30,211
2020-05-31,211
2020-06-01,219
2020-06-02,230
2020-06-03,241
2020-06-04,247
2020-06-05,252
2020-06-06,263
2020-06-07,270
2020-06-08,274
2020-06-09,277
2020-06-10,290
2020-06-11,290
2020-06-12,311
2020-06-13,311
2020-06-14,315
2020-06-15,317
2020-06-16,335
2020-06-17,352
