2020-03-16,1
2020-03-17,2
2020-03-18,2
2020-03-19,4
2020-03-20,6
2020-03-21,6
2020-03-22,6
2020-03-23,6
2020-03-24,6
2020-03-25,8
2020-03-26,8
2020-03-27,8
2020-03-28,8
2020-03-29,8
2020-03-30,9
2020-03-31,14
2020-04-01,17
2020-04-02,21
2020-04-03,21
2020-04-04,22
2020-04-05,23
2020-04-06,26
2020-04-07,25
2020-04-08,26
2020-04-09,27
2020-04-10,27
2020-04-11,32
2020-04-12,32
2020-04-13,36
2020-04-14,44
2020-04-15,44
2020-04-16,47
2020-04-17,50
2020-04-18,52
2020-04-19,53
2020-04-20,53
2020-04-21,54
