2020-03-06,1
2020-03-07,2
2020-03-08,2
2020-03-09,2
2020-03-10,2
2020-03-11,2
2020-03-12,4
2020-03-13,4
2020-03-14,4
2020-03-15,5
2020-03-16,5
2020-03-17,7
2020-03-18,11
2020-03-19,11
2020-03-20,14
2020-03-21,17
2020-03-22,26
2020-03-23,30
2020-03-24,34
2020-03-25,52
2020-03-26,66
2020-03-27,95
2020-03-28,119
2020-03-29,151
2020-03-30,170
2020-03-31,206
2020-04-01,235
2020-04-02,274
2020-04-03,303
2020-04-04,347
2020-04-05,378
2020-04-06,399
2020-04-07,438
2020-04-08,475
2020-04-09,521
2020-04-10,571
2020-04-11,597
2020-04-12,616
2020-04-13,641
2020-04-14,656
2020-04-15,677
2020-04-16,686
2020-04-17,720
2020-04-18,738
2020-04-19,768
2020-04-20,784
2020-04-21,794
