2020-03-25,3
2020-03-26,3
2020-03-27,3
2020-03-28,3
2020-03-29,4
2020-03-30,6
2020-03-31,7
2020-04-01,8
2020-04-02,9
2020-04-03,10
2020-04-04,10
2020-04-05,12
2020-04-06,13
2020-04-07,12
2020-04-08,13
2020-04-09,15
2020-04-10,15
2020-04-11,16
2020-04-12,17
2020-04-13,17
2020-04-14,23
2020-04-15,27
2020-04-16,28
2020-04-17,33
2020-04-18,39
2020-04-19,39
2020-04-20,41
2020-04-21,45
2020-04-22,53
2020-04-23,58
2020-04-24,65
2020-04-25,72
2020-04-26,74
2020-04-27,78
2020-04-28,79
2020-04-29,95
2020-04-30,108
2020-05-01,120
2020-05-02,134
2020-05-03,145
2020-05-04,149
2020-05-05,165
2020-05-06,165
2020-05-07,213
2020-05-08,236
2020-05-09,242
2020-05-10,245
2020-05-11,250
2020-05-12,260
2020-05-13,271
2020-05-14,278
2020-05-15,285
2020-05-16,297
2020-05-17,303
2020-05-18,319
2020-05-19,329
2020-05-20,345
2020-05-21,355
2020-05-22,358
2020-05-23,365
2020-05-24,372
2020-05-25,376
2020-05-26,378
2020-05-27,394
2020-05-28,414
2020-05-29,429
2020-05-30,444
2020-05-31,448
2020-06-01,458
2020-06-02,465
2020-06-03,465
2020-06-04,470
2020-06-05,472
2020-06-06,476
2020-06-07,480
2020-06-08,484
2020-06-09,487
2020-06-10,492
2020-06-11,499
2020-06-12,505
2020-06-13,509
2020-06-14,510
2020-06-15,511
2020-06-16,516
2020-06-17,522
