2020-03-29,1
2020-03-30,1
2020-03-31,1
2020-04-01,1
2020-04-02,1
2020-04-03,1
2020-04-04,1
2020-04-05,3
2020-04-06,3
2020-04-07,4
2020-04-08,4
2020-04-09,4
2020-04-10,4
2020-04-11,6
2020-04-12,6
2020-04-13,6
2020-04-14,6
2020-04-15,7
2020-04-16,7
2020-04-17,8
2020-04-18,8
2020-04-19,8
2020-04-20,8
2020-04-21,7
2020-04-22,7
2020-04-23,7
2020-04-24,9
2020-04-25,9
2020-04-26,9
2020-04-27,9
2020-04-28,9
2020-04-29,10
2020-04-30,11
2020-05-01,12
2020-05-02,13
2020-05-03,13
2020-05-04,13
2020-05-05,14
2020-05-06,14
2020-05-07,17
2020-05-08,16
2020-05-09,16
2020-05-10,16
2020-05-11,17
2020-05-12,17
2020-05-13,17
2020-05-14,17
2020-05-15,17
2020-05-16,17
2020-05-17,17
2020-05-18,17
2020-05-19,17
2020-05-20,17
2020-05-21,17
2020-05-22,17
2020-05-23,17
2020-05-24,17
2020-05-25,18
2020-05-26,18
2020-05-27,18
2020-05-28,18
2020-05-29,18
2020-05-30,18
2020-05-31,18
2020-06-01,18
2020-06-02,19
2020-06-03,19
2020-06-04,19
2020-06-05,19
2020-06-06,19
2020-06-07,19
2020-06-08,19
2020-06-09,19
2020-06-10,19
2020-06-11,19
2020-06-12,19
2020-06-13,19
2020-06-14,19
2020-06-15,19
2020-06-16,19
2020-06-17,19
