2020-03-12,1
2020-03-13,1
2020-03-14,1
2020-03-15,1
2020-03-16,1
2020-03-17,1
2020-03-18,1
2020-03-19,1
2020-03-20,1
2020-03-21,1
2020-03-22,3
2020-03-23,3
2020-03-24,3
2020-03-25,5
2020-03-26,7
2020-03-27,8
2020-03-28,8
2020-03-29,8
2020-03-30,11
2020-03-31,16
2020-04-01,20
2020-04-02,23
2020-04-03,23
2020-04-04,30
2020-04-05,30
2020-04-06,32
2020-04-07,36
2020-04-08,37
2020-04-09,37
2020-04-10,39
2020-04-11,39
2020-04-12,39
2020-04-13,42
2020-04-14,45
2020-04-15,46
2020-04-16,47
2020-04-17,48
2020-04-18,49
2020-04-19,49
2020-04-20,49
2020-04-21,49
