2020-03-15,3
2020-03-16,5
2020-03-17,5
2020-03-18,5
2020-03-19,5
2020-03-20,11
2020-03-21,20
2020-03-22,25
2020-03-23,32
2020-03-24,64
2020-03-25,101
2020-03-26,138
2020-03-27,187
2020-03-28,272
2020-03-29,325
2020-03-30,380
2020-03-31,459
2020-04-01,561
2020-04-02,621
2020-04-03,745
2020-04-04,898
2020-04-05,963
2020-04-06,1067
2020-04-07,1194
2020-04-08,1327
2020-04-09,1507
2020-04-10,1677
2020-04-11,1809
2020-04-12,2024
2020-04-13,2141
2020-04-14,2207
2020-04-15,2308
2020-04-16,2466
2020-04-17,2577
2020-04-18,2688
2020-04-19,2832
2020-04-20,2976
2020-04-21,3043
