2020-04-28,1
2020-04-29,1
2020-04-30,1
2020-05-01,1
2020-05-02,1
2020-05-03,1
2020-05-04,1
2020-05-05,1
2020-05-06,1
2020-05-07,2
2020-05-08,2
2020-05-09,2
2020-05-10,2
2020-05-11,2
2020-05-12,3
2020-05-13,3
2020-05-14,3
2020-05-15,3
2020-05-16,3
2020-05-17,3
2020-05-18,3
2020-05-19,3
2020-05-20,3
2020-05-21,4
2020-05-22,4
2020-05-23,4
2020-05-24,4
2020-05-25,4
2020-05-26,4
2020-05-27,4
2020-05-28,4
2020-05-29,6
2020-05-30,6
2020-05-31,7
2020-06-01,7
2020-06-02,7
2020-06-03,7
2020-06-04,7
2020-06-05,7
2020-06-06,7
2020-06-07,7
2020-06-08,7
2020-06-09,7
2020-06-10,7
2020-06-11,7
2020-06-12,7
2020-06-13,7
2020-06-14,7
2020-06-15,8
2020-06-16,8
2020-06-17,8
