2020-04-29,1
2020-04-30,1
2020-05-01,4
2020-05-02,8
2020-05-03,8
2020-05-04,8
2020-05-05,8
2020-05-06,10
2020-05-07,10
2020-05-08,10
2020-05-09,10
2020-05-10,10
2020-05-11,10
2020-05-12,10
2020-05-13,10
2020-05-14,10
2020-05-15,10
2020-05-16,10
2020-05-17,11
2020-05-18,11
2020-05-19,11
2020-05-20,11
2020-05-21,11
2020-05-22,11
2020-05-23,12
2020-05-24,12
2020-05-25,12
2020-05-26,12
2020-05-27,13
2020-05-28,13
2020-05-29,13
2020-05-30,13
2020-05-31,13
2020-06-01,13
2020-06-02,13
2020-06-03,13
2020-06-04,14
2020-06-05,14
2020-06-06,13
2020-06-07,13
2020-06-08,13
2020-06-09,13
2020-06-10,13
2020-06-11,13
2020-06-12,13
2020-06-13,13
2020-06-14,13
2020-06-15,13
2020-06-16,13
2020-06-17,13
