2020-04-25,1
2020-04-26,1
2020-04-27,1
2020-04-28,1
2020-04-29,1
2020-04-30,1
2020-05-01,1
2020-05-02,1
2020-05-03,1
2020-05-04,1
2020-05-05,1
2020-05-06,1
2020-05-07,1
2020-05-08,1
2020-05-09,1
2020-05-10,1
2020-05-11,1
2020-05-12,1
2020-05-13,1
2020-05-14,1
2020-05-15,1
2020-05-16,1
2020-05-17,1
2020-05-18,1
2020-05-19,1
2020-05-20,1
2020-05-21,1
2020-05-22,1
2020-05-23,1
2020-05-24,1
2020-05-25,1
2020-05-26,1
2020-05-27,1
2020-05-28,1
2020-05-29,1
2020-05-30,1
2020-05-31,1
2020-06-01,1
2020-06-02,1
2020-06-03,1
2020-06-04,1
2020-06-05,1
2020-06-06,2
2020-06-07,2
2020-06-08,2
2020-06-09,3
2020-06-10,3
2020-06-11,3
2020-06-12,3
2020-06-13,3
2020-06-14,3
2020-06-15,3
2020-06-16,3
2020-06-17,3
