2020-03-15,1
2020-03-16,1
2020-03-17,1
2020-03-18,1
2020-03-19,2
2020-03-20,2
2020-03-21,2
2020-03-22,2
2020-03-23,3
2020-03-24,3
2020-03-25,5
2020-03-26,7
2020-03-27,7
2020-03-28,9
2020-03-29,10
2020-03-30,11
2020-03-31,15
2020-04-01,15
2020-04-02,17
2020-04-03,20
2020-04-04,23
2020-04-05,28
2020-04-06,29
2020-04-07,36
2020-04-08,38
2020-04-09,42
2020-04-10,44
2020-04-11,58
2020-04-12,64
2020-04-13,70
2020-04-14,74
2020-04-15,75
2020-04-16,83
2020-04-17,96
2020-04-18,103
2020-04-19,112
2020-04-20,116
2020-04-21,118
2020-04-22,121
2020-04-23,130
2020-04-24,136
2020-04-25,148
2020-04-26,148
2020-04-27,150
2020-04-28,152
2020-04-29,152
2020-04-30,157
2020-05-01,162
2020-05-02,173
2020-05-03,175
2020-05-04,180
2020-05-05,182
2020-05-06,184
2020-05-07,192
2020-05-08,199
2020-05-09,203
2020-05-10,212
2020-05-11,214
2020-05-12,216
2020-05-13,216
2020-05-14,218
2020-05-15,222
2020-05-16,229
2020-05-17,238
2020-05-18,246
2020-05-19,251
2020-05-20,256
2020-05-21,264
2020-05-22,275
2020-05-23,309
2020-05-24,314
2020-05-25,319
2020-05-26,321
2020-05-27,325
2020-05-28,331
2020-05-29,338
2020-05-30,347
2020-05-31,356
2020-06-01,359
2020-06-02,363
2020-06-03,370
2020-06-04,403
2020-06-05,413
2020-06-06,426
2020-06-07,443
2020-06-08,445
2020-06-09,452
2020-06-10,456
2020-06-11,464
2020-06-12,473
2020-06-13,496
2020-06-14,507
2020-06-15,518
2020-06-16,524
2020-06-17,527
