2020-05-03,1
2020-05-04,1
2020-05-05,1
2020-05-06,1
2020-05-07,7
2020-05-08,7
2020-05-09,7
2020-05-10,9
2020-05-11,9
2020-05-12,8
2020-05-13,8
2020-05-14,8
2020-05-15,8
2020-05-16,8
2020-05-17,8
2020-05-18,10
2020-05-19,10
2020-05-20,10
2020-05-21,10
2020-05-22,10
2020-05-23,10
2020-05-24,10
2020-05-25,10
2020-05-26,10
2020-05-27,10
2020-05-28,12
2020-05-29,14
2020-05-30,14
2020-05-31,14
2020-06-01,15
2020-06-02,15
2020-06-03,15
2020-06-04,15
2020-06-05,16
2020-06-06,21
2020-06-07,21
2020-06-08,21
2020-06-09,21
2020-06-10,23
2020-06-11,23
2020-06-12,23
2020-06-13,24
2020-06-14,26
2020-06-15,27
2020-06-16,29
2020-06-17,31
