2020-03-09,2
2020-03-10,2
2020-03-11,4
2020-03-12,4
2020-03-13,4
2020-03-14,8
2020-03-15,10
2020-03-16,10
2020-03-17,15
2020-03-18,18
2020-03-19,22
2020-03-20,40
2020-03-21,42
2020-03-22,53
2020-03-23,74
2020-03-24,107
2020-03-25,125
2020-03-26,137
2020-03-27,219
2020-03-28,246
2020-03-29,273
2020-03-30,294
2020-03-31,360
2020-04-01,360
2020-04-02,409
2020-04-03,483
2020-04-04,539
2020-04-05,549
2020-04-06,600
2020-04-07,673
2020-04-08,732
2020-04-09,766
2020-04-10,826
2020-04-11,848
2020-04-12,893
2020-04-13,1006
2020-04-14,1144
2020-04-15,1225
2020-04-16,1260
2020-04-17,1366
2020-04-18,1408
2020-04-19,1473
2020-04-20,1520
2020-04-21,1563
